ul-eu-central-1,ul-us-west-1,ul-ap-northeast-1,dl-eu-central-1,dl-us-west-1,dl-ap-northeast-1
2.924337863922119,15.14516305923462,18.60052990913391,2.1910173892974854,8.469527006149292,13.257165670394897
